Title,URL,Upload Date,Views
"Nmap Tutorial For Beginners - 1 - What is Nmap?","https://www.youtube.com/watch?v=5MTZdN9TEO4&list=PLBf0hzazHTGM8V_3OEKhvCM9Xah3qDdIx&index=1&pp=iAQB","N/A","N/A"
"Nmap Tutorial For Beginners - 2 - Advanced Scanning","https://www.youtube.com/watch?v=VFJLMOk6daQ&list=PLBf0hzazHTGM8V_3OEKhvCM9Xah3qDdIx&index=2&pp=iAQB","N/A","N/A"
"Nmap Tutorial For Beginners - 3 - Aggressive Scanning","https://www.youtube.com/watch?v=OUQkCAHdX_g&list=PLBf0hzazHTGM8V_3OEKhvCM9Xah3qDdIx&index=3&pp=iAQB","N/A","N/A"
"Zenmap Tutorial For Beginners","https://www.youtube.com/watch?v=tZjSOhuvKDg&list=PLBf0hzazHTGM8V_3OEKhvCM9Xah3qDdIx&index=4&pp=iAQB0gcJCU0KAYcqIYzv","N/A","N/A"
"WebMap - A Dashboard For Nmap Scans","https://www.youtube.com/watch?v=SoEIDNnOCGY&list=PLBf0hzazHTGM8V_3OEKhvCM9Xah3qDdIx&index=5&pp=iAQB","N/A","N/A"
"Python3 For Pentesting - Developing An Nmap Scanner","https://www.youtube.com/watch?v=1lh_SkY8cHk&list=PLBf0hzazHTGM8V_3OEKhvCM9Xah3qDdIx&index=6&pp=iAQB","N/A","N/A"
"Network Scanning - TCP Flags & TCP 3-Way Handshake","https://www.youtube.com/watch?v=F_pAs9OSFFo&list=PLBf0hzazHTGM8V_3OEKhvCM9Xah3qDdIx&index=7&pp=iAQB","N/A","N/A"
"TCP-3 Way Handshake Explained","https://www.youtube.com/watch?v=fSFeIdMZ_3I&list=PLBf0hzazHTGM8V_3OEKhvCM9Xah3qDdIx&index=8&pp=iAQB","N/A","N/A"
"TCP-3 Way Handshake Explained","https://www.youtube.com/watch?v=fSFeIdMZ_3I&list=PLBf0hzazHTGM8V_3OEKhvCM9Xah3qDdIx&index=9&pp=iAQB","N/A","N/A"
"Nmap - Host Discovery With Ping Sweep","https://www.youtube.com/watch?v=LvCDaftsMwI&list=PLBf0hzazHTGM8V_3OEKhvCM9Xah3qDdIx&index=10&pp=iAQB","N/A","N/A"
"Nmap - OS And Service Version Scanning","https://www.youtube.com/watch?v=AKWUllE9MOg&list=PLBf0hzazHTGM8V_3OEKhvCM9Xah3qDdIx&index=11&pp=iAQB","N/A","N/A"
"Nmap - OS And Service Version Scanning","https://www.youtube.com/watch?v=AKWUllE9MOg&list=PLBf0hzazHTGM8V_3OEKhvCM9Xah3qDdIx&index=12&pp=iAQB","N/A","N/A"
"Nmap - TCP Connect & Stealth (SYN) Scanning","https://www.youtube.com/watch?v=RczRjuojBHs&list=PLBf0hzazHTGM8V_3OEKhvCM9Xah3qDdIx&index=13&pp=iAQB","N/A","N/A"
"Nmap - TCP Connect & Stealth (SYN) Scanning","https://www.youtube.com/watch?v=RczRjuojBHs&list=PLBf0hzazHTGM8V_3OEKhvCM9Xah3qDdIx&index=14&pp=iAQB","N/A","N/A"
"Nmap - UDP Scanning","https://www.youtube.com/watch?v=FOy7rkI5IWg&list=PLBf0hzazHTGM8V_3OEKhvCM9Xah3qDdIx&index=15&pp=iAQB","N/A","N/A"
"Nmap - Output And Verbosity","https://www.youtube.com/watch?v=wd1oti5qKwM&list=PLBf0hzazHTGM8V_3OEKhvCM9Xah3qDdIx&index=16&pp=iAQB","N/A","N/A"
"Nmap - Inverse TCP Flag Scanning (FIN, XMAS & NULL)","https://www.youtube.com/watch?v=ws0MeqfuA58&list=PLBf0hzazHTGM8V_3OEKhvCM9Xah3qDdIx&index=17&pp=iAQB0gcJCU0KAYcqIYzv","N/A","N/A"
"Nmap - Inverse TCP Flag Scanning (FIN, XMAS & NULL)","https://www.youtube.com/watch?v=ws0MeqfuA58&list=PLBf0hzazHTGM8V_3OEKhvCM9Xah3qDdIx&index=18&pp=iAQB","N/A","N/A"
"Nmap - Firewall Detection (ACK Probing)","https://www.youtube.com/watch?v=b-k4pgyU1kg&list=PLBf0hzazHTGM8V_3OEKhvCM9Xah3qDdIx&index=19&pp=iAQB","N/A","N/A"
"Nmap - Firewall Evasion (Decoys, MTU & Fragmentation)","https://www.youtube.com/watch?v=NfLdXre3Rws&list=PLBf0hzazHTGM8V_3OEKhvCM9Xah3qDdIx&index=20&pp=iAQB","N/A","N/A"
"Nmap - Scan Timing And Performance","https://www.youtube.com/watch?v=lxnzCgA1A2I&list=PLBf0hzazHTGM8V_3OEKhvCM9Xah3qDdIx&index=21&pp=iAQB","N/A","N/A"
"Introduction To The Nmap Scripting Engine (NSE)","https://www.youtube.com/watch?v=ceGywKe8RnY&list=PLBf0hzazHTGM8V_3OEKhvCM9Xah3qDdIx&index=22&pp=iAQB","N/A","N/A"
"Nmap - NSE Syntax","https://www.youtube.com/watch?v=Mg1klykkuXg&list=PLBf0hzazHTGM8V_3OEKhvCM9Xah3qDdIx&index=23&pp=iAQB","N/A","N/A"
"Nmap - Banner Grabbing","https://www.youtube.com/watch?v=chVPS_sRjoI&list=PLBf0hzazHTGM8V_3OEKhvCM9Xah3qDdIx&index=24&pp=iAQB","N/A","N/A"
"Nmap - FTP Enumeration","https://www.youtube.com/watch?v=Xfh5a6fRsD4&list=PLBf0hzazHTGM8V_3OEKhvCM9Xah3qDdIx&index=25&pp=iAQB","N/A","N/A"
"Nmap - DNS Enumeration","https://www.youtube.com/watch?v=UnBnI7XEowM&list=PLBf0hzazHTGM8V_3OEKhvCM9Xah3qDdIx&index=26&pp=iAQB","N/A","N/A"
"Nmap - SMTP Enumeration","https://www.youtube.com/watch?v=72D7kV8Q8lE&list=PLBf0hzazHTGM8V_3OEKhvCM9Xah3qDdIx&index=27&pp=iAQB","N/A","N/A"
"Nmap - HTTP Enumeration - Detecting HTTP Methods","https://www.youtube.com/watch?v=UTAt5WEUdHw&list=PLBf0hzazHTGM8V_3OEKhvCM9Xah3qDdIx&index=28&pp=iAQB0gcJCU0KAYcqIYzv","N/A","N/A"
"Nmap - HTTP Enumeration - Finding Hidden Files And Directories","https://www.youtube.com/watch?v=EdQXCbyW5gs&list=PLBf0hzazHTGM8V_3OEKhvCM9Xah3qDdIx&index=29&pp=iAQB","N/A","N/A"
"Nmap - HTTP Enumeration - WAF Detection And Fingerprinting","https://www.youtube.com/watch?v=X_N2AaHvsUQ&list=PLBf0hzazHTGM8V_3OEKhvCM9Xah3qDdIx&index=30&pp=iAQB","N/A","N/A"
"Nmap - SMB Enumeration","https://www.youtube.com/watch?v=5kLPfVsOxzY&list=PLBf0hzazHTGM8V_3OEKhvCM9Xah3qDdIx&index=31&pp=iAQB","N/A","N/A"
"Nmap - MySQL Enumeration","https://www.youtube.com/watch?v=ZuoFbtPctHI&list=PLBf0hzazHTGM8V_3OEKhvCM9Xah3qDdIx&index=32&pp=iAQB","N/A","N/A"
"Vulnerability Scanning With Nmap","https://www.youtube.com/watch?v=W0KRYkZppIw&list=PLBf0hzazHTGM8V_3OEKhvCM9Xah3qDdIx&index=33&pp=iAQB","N/A","N/A"